{
  "train_loss": [
    4.772350353139461,
    4.443095532227083,
    4.363032137707794,
    4.320358797531657,
    4.2931462218605825,
    4.273379662605153,
    4.258361922480015,
    4.246354235216301,
    4.236393542365104,
    4.227745962259524
  ],
  "val_loss": [
    4.411224686703108,
    4.2905408089728,
    4.2387784809102795,
    4.205699705040973,
    4.184944102099484,
    4.1687520053990355,
    4.158005697221097,
    4.147804596113122,
    4.139368254937175,
    4.132977037844451
  ],
  "train_rouge1": [
    0.04872449981113965,
    0.0434381936736959,
    0.04501225490196079,
    0.048234624900395574,
    0.04612746876689719,
    0.04285656384288114,
    0.04435767816742081,
    0.04521149488460116,
    0.04524403150209107,
    0.04605944625471539
  ],
  "val_rouge1": [
    0.043950620660092775,
    0.04377474547511312,
    0.043652143095990206,
    0.04431478601055808,
    0.04288602941176472,
    0.042760738036473345,
    0.04254514363195691,
    0.04411788273001509,
    0.04331356856338775,
    0.04565225968366186
  ],
  "train_rouge2": [
    0.005581949761036491,
    0.0022193877551020405,
    0.0015880102040816326,
    0.00409501300520208,
    0.0022071328531412565,
    0.0019005102040816325,
    0.0015816326530612244,
    0.002544642857142857,
    0.0012691326530612245,
    0.0028446378551420562
  ],
  "val_rouge2": [
    0.0028323829531812722,
    0.0009566326530612246,
    0.0009441276510604242,
    0.002232142857142857,
    0.0012755102040816328,
    0.0012627551020408163,
    0.0015752551020408161,
    0.001913265306122449,
    0.0012755102040816328,
    0.0033826391133376424
  ],
  "learning_rate": [
    0.001,
    0.001,
    0.001,
    0.001,
    0.001,
    0.001,
    0.001,
    0.001,
    0.001,
    0.001
  ]
}